"Model","df","AIC"
"fit",4,-362751.48993926
"exponential",3,-368658.620557607
"linear",3,-368668.681205356
