"Model","df","AIC"
"logistic",4,-363176.789301923
"exponential",3,-368376.732840548
"linear",3,-368425.304571265
