"Model","df","AIC"
"exponential",3,-412132.500998238
"linear",3,-414265.472335911
"fit",4,-423672.183540643
